Date,Suppliers,Currency (SGD),Mode of payment,Added Time,Referrer Name,Task Owner
07-Jun-2025,SunShine,14.70,Cash from POS,23-Jul-2025 17:00:34,https://forms.zohopublic.com/pallavaminimartgm1/form/Supplierspayment/thankyou/formperma/UAtTv3USHPQacnEaxYIunUJ71irbfPi6b7ZtwmY79QI,pallavaminimart@gmail.com
06-Jun-2025,SANMAR FOODS PTE.LTD.,317.50,Paynow,23-Jul-2025 16:55:48,https://forms.zohopublic.com/pallavaminimartgm1/form/Supplierspayment/thankyou/formperma/UAtTv3USHPQacnEaxYIunUJ71irbfPi6b7ZtwmY79QI,pallavaminimart@gmail.com
01-Jun-2025,IceMan Uni TAT Ice,30.00,Cash from POS,23-Jul-2025 16:54:55,https://forms.zohopublic.com/pallavaminimartgm1/form/Supplierspayment/thankyou/formperma/UAtTv3USHPQacnEaxYIunUJ71irbfPi6b7ZtwmY79QI,pallavaminimart@gmail.com
05-Jun-2025,VIJAYAM BIZ SOLUTIONS PTD LTD,13.50,Cash from POS,23-Jul-2025 16:52:22,https://forms.zohopublic.com/pallavaminimartgm1/form/Supplierspayment/thankyou/formperma/UAtTv3USHPQacnEaxYIunUJ71irbfPi6b7ZtwmY79QI,pallavaminimart@gmail.com
22-May-2025,JT Intl Tobacco,109.00,Paynow,23-Jul-2025 16:51:14,https://forms.zohopublic.com/pallavaminimartgm1/form/Supplierspayment/thankyou/formperma/UAtTv3USHPQacnEaxYIunUJ71irbfPi6b7ZtwmY79QI,pallavaminimart@gmail.com
28-May-2025,SunShine,1.65,Cash bag,23-Jul-2025 16:50:28,https://forms.zohopublic.com/pallavaminimartgm1/form/Supplierspayment/thankyou/formperma/UAtTv3USHPQacnEaxYIunUJ71irbfPi6b7ZtwmY79QI,pallavaminimart@gmail.com
28-May-2025,Gardenia,37.11,Cash bag,23-Jul-2025 16:49:34,https://forms.zohopublic.com/pallavaminimartgm1/form/Supplierspayment/thankyou/formperma/UAtTv3USHPQacnEaxYIunUJ71irbfPi6b7ZtwmY79QI,pallavaminimart@gmail.com
22-May-2025,Jia Seng Trading Pte Ltd,188.20,Paynow,23-Jul-2025 13:03:22,https://forms.zohopublic.com/pallavaminimartgm1/form/Supplierspayment/thankyou/formperma/UAtTv3USHPQacnEaxYIunUJ71irbfPi6b7ZtwmY79QI,pallavaminimart@gmail.com
22-May-2025,IceMan Uni TAT Ice,39.00,Cash from POS,23-Jul-2025 12:57:05,https://forms.zohopublic.com/pallavaminimartgm1/form/Supplierspayment/thankyou/formperma/UAtTv3USHPQacnEaxYIunUJ71irbfPi6b7ZtwmY79QI,pallavaminimart@gmail.com
21-May-2025,YLF MARKETING (S)PTE LTD,112.20,Paynow,23-Jul-2025 12:51:40,https://forms.zohopublic.com/pallavaminimartgm1/form/Supplierspayment/thankyou/formperma/UAtTv3USHPQacnEaxYIunUJ71irbfPi6b7ZtwmY79QI,pallavaminimart@gmail.com
20-May-2025,Alvas,61.80,Paynow,23-Jul-2025 12:50:16,https://forms.zohopublic.com/pallavaminimartgm1/form/Supplierspayment/thankyou/formperma/UAtTv3USHPQacnEaxYIunUJ71irbfPi6b7ZtwmY79QI,pallavaminimart@gmail.com
21-May-2025,Lotus Vegetables,74.00,Paynow,23-Jul-2025 12:42:21,https://forms.zohopublic.com/pallavaminimartgm1/form/Supplierspayment/thankyou/formperma/UAtTv3USHPQacnEaxYIunUJ71irbfPi6b7ZtwmY79QI,pallavaminimart@gmail.com
10-May-2025,Lotus Vegetables,101.50,Paynow,23-Jul-2025 12:40:44,https://forms.zohopublic.com/pallavaminimartgm1/form/Supplierspayment/thankyou/formperma/UAtTv3USHPQacnEaxYIunUJ71irbfPi6b7ZtwmY79QI,pallavaminimart@gmail.com
28-May-2025,DASHMESH SINGAPORE PTE LTD,185.50,Paynow,23-Jul-2025 12:31:57,https://forms.zohopublic.com/pallavaminimartgm1/form/Supplierspayment/thankyou/formperma/UAtTv3USHPQacnEaxYIunUJ71irbfPi6b7ZtwmY79QI,pallavaminimart@gmail.com
25-May-2025,Lim Siang Huat,14.30,Paynow,23-Jul-2025 12:30:58,https://forms.zohopublic.com/pallavaminimartgm1/form/Supplierspayment/thankyou/formperma/UAtTv3USHPQacnEaxYIunUJ71irbfPi6b7ZtwmY79QI,pallavaminimart@gmail.com
20-May-2025,KEAN ANN,487.40,Paynow,23-Jul-2025 12:29:06,https://forms.zohopublic.com/pallavaminimartgm1/form/Supplierspayment/thankyou/formperma/UAtTv3USHPQacnEaxYIunUJ71irbfPi6b7ZtwmY79QI,pallavaminimart@gmail.com
29-May-2025,DASHMESH SINGAPORE PTE LTD,103.55,Paynow,23-Jul-2025 12:25:52,https://forms.zohopublic.com/pallavaminimartgm1/form/Supplierspayment/thankyou/formperma/UAtTv3USHPQacnEaxYIunUJ71irbfPi6b7ZtwmY79QI,pallavaminimart@gmail.com
02-May-2025,SPM,156.50,Paynow,23-Jul-2025 12:22:02,https://forms.zohopublic.com/pallavaminimartgm1/form/Supplierspayment/thankyou/formperma/UAtTv3USHPQacnEaxYIunUJ71irbfPi6b7ZtwmY79QI,pallavaminimart@gmail.com
28-May-2025,Ambikas,124.50,Paynow,23-Jul-2025 12:20:02,https://forms.zohopublic.com/pallavaminimartgm1/form/Supplierspayment/thankyou/formperma/UAtTv3USHPQacnEaxYIunUJ71irbfPi6b7ZtwmY79QI,pallavaminimart@gmail.com
16-May-2025,Mini Group,153.00,Paynow,23-Jul-2025 12:14:50,https://forms.zohopublic.com/pallavaminimartgm1/form/Supplierspayment/thankyou/formperma/UAtTv3USHPQacnEaxYIunUJ71irbfPi6b7ZtwmY79QI,pallavaminimart@gmail.com
27-May-2025,Meiji,88.30,Paynow,23-Jul-2025 12:12:18,https://forms.zohopublic.com/pallavaminimartgm1/form/Supplierspayment/thankyou/formperma/UAtTv3USHPQacnEaxYIunUJ71irbfPi6b7ZtwmY79QI,pallavaminimart@gmail.com
15-May-2025,MVO Marketing Nestle,521.80,Paynow,23-Jul-2025 12:10:16,https://forms.zohopublic.com/pallavaminimartgm1/form/Supplierspayment/thankyou/formperma/UAtTv3USHPQacnEaxYIunUJ71irbfPi6b7ZtwmY79QI,pallavaminimart@gmail.com
28-May-2025,Alvas,55.40,Cash from POS,23-Jul-2025 12:09:25,https://forms.zohopublic.com/pallavaminimartgm1/form/Supplierspayment/thankyou/formperma/UAtTv3USHPQacnEaxYIunUJ71irbfPi6b7ZtwmY79QI,pallavaminimart@gmail.com
16-May-2025,Chuan Seng Huat,633.30,Paynow,23-Jul-2025 12:06:55,https://forms.zohopublic.com/pallavaminimartgm1/form/Supplierspayment/thankyou/formperma/UAtTv3USHPQacnEaxYIunUJ71irbfPi6b7ZtwmY79QI,pallavaminimart@gmail.com
09-May-2025,F&N Foods Pte Ltd,23.10,Cash from POS,23-Jul-2025 12:01:56,https://forms.zohopublic.com/pallavaminimartgm1/form/Supplierspayment/thankyou/formperma/UAtTv3USHPQacnEaxYIunUJ71irbfPi6b7ZtwmY79QI,pallavaminimart@gmail.com
05-May-2025,Helios,33.50,Paynow,23-Jul-2025 12:00:55,https://forms.zohopublic.com/pallavaminimartgm1/form/Supplierspayment/thankyou/formperma/UAtTv3USHPQacnEaxYIunUJ71irbfPi6b7ZtwmY79QI,pallavaminimart@gmail.com
09-May-2025,MalaysiaDairy,12.30,Cash from POS,23-Jul-2025 11:58:03,https://forms.zohopublic.com/pallavaminimartgm1/form/Supplierspayment/thankyou/formperma/UAtTv3USHPQacnEaxYIunUJ71irbfPi6b7ZtwmY79QI,pallavaminimart@gmail.com
10-May-2025,Mini Group,211.50,Paynow,23-Jul-2025 11:56:37,https://forms.zohopublic.com/pallavaminimartgm1/form/Supplierspayment/thankyou/formperma/UAtTv3USHPQacnEaxYIunUJ71irbfPi6b7ZtwmY79QI,pallavaminimart@gmail.com
17-May-2025,Meiji,61.80,Paynow,23-Jul-2025 11:54:41,https://forms.zohopublic.com/pallavaminimartgm1/form/Supplierspayment/thankyou/formperma/UAtTv3USHPQacnEaxYIunUJ71irbfPi6b7ZtwmY79QI,pallavaminimart@gmail.com
15-May-2025,F&N Foods Pte Ltd,67.55,Paynow,23-Jul-2025 11:53:55,https://forms.zohopublic.com/pallavaminimartgm1/form/Supplierspayment/thankyou/formperma/UAtTv3USHPQacnEaxYIunUJ71irbfPi6b7ZtwmY79QI,pallavaminimart@gmail.com
15-May-2025,Nissin Foods,67.55,Paynow,23-Jul-2025 11:52:42,https://forms.zohopublic.com/pallavaminimartgm1/form/Supplierspayment/thankyou/formperma/UAtTv3USHPQacnEaxYIunUJ71irbfPi6b7ZtwmY79QI,pallavaminimart@gmail.com
16-May-2025,MalaysiaDairy,21.30,Cash from POS,23-Jul-2025 11:52:11,https://forms.zohopublic.com/pallavaminimartgm1/form/Supplierspayment/thankyou/formperma/UAtTv3USHPQacnEaxYIunUJ71irbfPi6b7ZtwmY79QI,pallavaminimart@gmail.com
19-May-2025,KEAN ANN,345.80,Paynow,23-Jul-2025 11:50:51,https://forms.zohopublic.com/pallavaminimartgm1/form/Supplierspayment/thankyou/formperma/UAtTv3USHPQacnEaxYIunUJ71irbfPi6b7ZtwmY79QI,pallavaminimart@gmail.com
16-May-2025,Helios,589.50,Paynow,23-Jul-2025 11:49:32,https://forms.zohopublic.com/pallavaminimartgm1/form/Supplierspayment/thankyou/formperma/UAtTv3USHPQacnEaxYIunUJ71irbfPi6b7ZtwmY79QI,pallavaminimart@gmail.com
30-May-2025,MalaysiaDairy,25.70,Cash bag,23-Jul-2025 11:48:33,https://forms.zohopublic.com/pallavaminimartgm1/form/Supplierspayment/thankyou/formperma/UAtTv3USHPQacnEaxYIunUJ71irbfPi6b7ZtwmY79QI,pallavaminimart@gmail.com
26-May-2025,SMI PACKAGING PTE LTD,27.40,Cash bag,23-Jul-2025 11:46:21,https://forms.zohopublic.com/pallavaminimartgm1/form/Supplierspayment/thankyou/formperma/UAtTv3USHPQacnEaxYIunUJ71irbfPi6b7ZtwmY79QI,pallavaminimart@gmail.com
24-Mar-2025,SMI PACKAGING PTE LTD,154.50,Cash bag,23-Jul-2025 11:44:51,https://forms.zohopublic.com/pallavaminimartgm1/form/Supplierspayment/thankyou/formperma/UAtTv3USHPQacnEaxYIunUJ71irbfPi6b7ZtwmY79QI,pallavaminimart@gmail.com
26-May-2025,Mini Group,173.45,Paynow,23-Jul-2025 11:43:17,https://forms.zohopublic.com/pallavaminimartgm1/form/Supplierspayment/thankyou/formperma/UAtTv3USHPQacnEaxYIunUJ71irbfPi6b7ZtwmY79QI,pallavaminimart@gmail.com
26-May-2025,Nissin Foods,128.20,Paynow,23-Jul-2025 09:22:56,https://forms.zohopublic.com/pallavaminimartgm1/form/Supplierspayment/thankyou/formperma/UAtTv3USHPQacnEaxYIunUJ71irbfPi6b7ZtwmY79QI,pallavaminimart@gmail.com
23-May-2025,MalaysiaDairy,4.90,Cash from POS,23-Jul-2025 09:21:46,https://forms.zohopublic.com/pallavaminimartgm1/form/Supplierspayment/thankyou/formperma/UAtTv3USHPQacnEaxYIunUJ71irbfPi6b7ZtwmY79QI,pallavaminimart@gmail.com
16-May-2025,Mini Group,164.13,Paynow,23-Jul-2025 09:20:34,https://forms.zohopublic.com/pallavaminimartgm1/form/Supplierspayment/thankyou/formperma/UAtTv3USHPQacnEaxYIunUJ71irbfPi6b7ZtwmY79QI,pallavaminimart@gmail.com
15-May-2025,Mini Group,184.90,Paynow,23-Jul-2025 09:19:34,https://forms.zohopublic.com/pallavaminimartgm1/form/Supplierspayment/thankyou/formperma/UAtTv3USHPQacnEaxYIunUJ71irbfPi6b7ZtwmY79QI,pallavaminimart@gmail.com
25-May-2025,HOUSE BRAND,249.49,Paynow,23-Jul-2025 09:18:20,https://forms.zohopublic.com/pallavaminimartgm1/form/Supplierspayment/thankyou/formperma/UAtTv3USHPQacnEaxYIunUJ71irbfPi6b7ZtwmY79QI,pallavaminimart@gmail.com
31-May-2025,F&N Foods Pte Ltd,35.60,Cash bag,23-Jul-2025 09:16:13,https://forms.zohopublic.com/pallavaminimartgm1/form/Supplierspayment/thankyou/formperma/UAtTv3USHPQacnEaxYIunUJ71irbfPi6b7ZtwmY79QI,pallavaminimart@gmail.com
26-May-2025,TRENDY EGG DISTRIBUTOR,76.30,Cash bag,23-Jul-2025 09:15:25,https://forms.zohopublic.com/pallavaminimartgm1/form/Supplierspayment/thankyou/formperma/UAtTv3USHPQacnEaxYIunUJ71irbfPi6b7ZtwmY79QI,pallavaminimart@gmail.com
26-May-2025,JIA MEI TRADING (S) PTE LTD,445.75,Paynow,23-Jul-2025 09:11:55,https://forms.zohopublic.com/pallavaminimartgm1/form/Supplierspayment/thankyou/formperma/UAtTv3USHPQacnEaxYIunUJ71irbfPi6b7ZtwmY79QI,pallavaminimart@gmail.com
03-May-2025,Meiji,71.00,Paynow,23-Jul-2025 09:10:41,https://forms.zohopublic.com/pallavaminimartgm1/form/Supplierspayment/thankyou/formperma/UAtTv3USHPQacnEaxYIunUJ71irbfPi6b7ZtwmY79QI,pallavaminimart@gmail.com
23-May-2025,Trans Orients,134.70,Cash bag,23-Jul-2025 09:08:11,https://forms.zohopublic.com/pallavaminimartgm1/form/Supplierspayment/thankyou/formperma/UAtTv3USHPQacnEaxYIunUJ71irbfPi6b7ZtwmY79QI,pallavaminimart@gmail.com
24-May-2025,GOURMET SUPPLIES PTE LTD,30.50,Cash bag,23-Jul-2025 09:07:12,https://forms.zohopublic.com/pallavaminimartgm1/form/Supplierspayment/thankyou/formperma/UAtTv3USHPQacnEaxYIunUJ71irbfPi6b7ZtwmY79QI,pallavaminimart@gmail.com
19-Jun-2025,JT Intl Tobacco,350.25,Paynow,23-Jul-2025 09:03:12,https://forms.zohopublic.com/pallavaminimartgm1/form/Supplierspayment/thankyou/formperma/UAtTv3USHPQacnEaxYIunUJ71irbfPi6b7ZtwmY79QI,pallavaminimart@gmail.com
29-May-2025,JT Intl Tobacco,350.25,Paynow,23-Jul-2025 09:01:25,https://forms.zohopublic.com/pallavaminimartgm1/form/Supplierspayment/thankyou/formperma/UAtTv3USHPQacnEaxYIunUJ71irbfPi6b7ZtwmY79QI,pallavaminimart@gmail.com
15-May-2025,Haos Ek? Malaysian Drinks,54.00,Paynow,23-Jul-2025 08:59:24,https://forms.zohopublic.com/pallavaminimartgm1/form/Supplierspayment/thankyou/formperma/UAtTv3USHPQacnEaxYIunUJ71irbfPi6b7ZtwmY79QI,pallavaminimart@gmail.com
02-May-2025,Trans Orients,131.29,Cash from POS,23-Jul-2025 08:57:35,https://forms.zohopublic.com/pallavaminimartgm1/form/Supplierspayment/thankyou/formperma/UAtTv3USHPQacnEaxYIunUJ71irbfPi6b7ZtwmY79QI,pallavaminimart@gmail.com
15-May-2025,HOUSE BRAND,14.45,Cash from POS,23-Jul-2025 08:55:56,https://forms.zohopublic.com/pallavaminimartgm1/form/Supplierspayment/thankyou/formperma/UAtTv3USHPQacnEaxYIunUJ71irbfPi6b7ZtwmY79QI,pallavaminimart@gmail.com
17-May-2025,SunShine,28.00,Cash bag,23-Jul-2025 08:54:14,https://forms.zohopublic.com/pallavaminimartgm1/form/Supplierspayment/thankyou/formperma/UAtTv3USHPQacnEaxYIunUJ71irbfPi6b7ZtwmY79QI,pallavaminimart@gmail.com
10-May-2025,SunShine,20.75,Cash bag,23-Jul-2025 08:53:52,https://forms.zohopublic.com/pallavaminimartgm1/form/Supplierspayment/thankyou/formperma/UAtTv3USHPQacnEaxYIunUJ71irbfPi6b7ZtwmY79QI,pallavaminimart@gmail.com
10-May-2025,Gardenia,27.15,Cash bag,23-Jul-2025 08:53:01,https://forms.zohopublic.com/pallavaminimartgm1/form/Supplierspayment/thankyou/formperma/UAtTv3USHPQacnEaxYIunUJ71irbfPi6b7ZtwmY79QI,pallavaminimart@gmail.com
14-May-2025,Gardenia,34.45,Cash bag,23-Jul-2025 08:52:15,https://forms.zohopublic.com/pallavaminimartgm1/form/Supplierspayment/thankyou/formperma/UAtTv3USHPQacnEaxYIunUJ71irbfPi6b7ZtwmY79QI,pallavaminimart@gmail.com
21-May-2025,SunShine,34.50,Cash bag,23-Jul-2025 08:51:33,https://forms.zohopublic.com/pallavaminimartgm1/form/Supplierspayment/thankyou/formperma/UAtTv3USHPQacnEaxYIunUJ71irbfPi6b7ZtwmY79QI,pallavaminimart@gmail.com
21-May-2025,Gardenia,37.00,Cash bag,23-Jul-2025 08:49:51,https://forms.zohopublic.com/pallavaminimartgm1/form/Supplierspayment/thankyou/formperma/UAtTv3USHPQacnEaxYIunUJ71irbfPi6b7ZtwmY79QI,pallavaminimart@gmail.com
07-May-2025,VIJAYAM BIZ SOLUTIONS PTD LTD,35.30,Cash from POS,23-Jul-2025 08:48:47,https://forms.zohopublic.com/pallavaminimartgm1/form/Supplierspayment/thankyou/formperma/UAtTv3USHPQacnEaxYIunUJ71irbfPi6b7ZtwmY79QI,pallavaminimart@gmail.com
03-May-2025,SunShine,26.00,Cash bag,23-Jul-2025 08:45:53,https://forms.zohopublic.com/pallavaminimartgm1/form/Supplierspayment/thankyou/formperma/UAtTv3USHPQacnEaxYIunUJ71irbfPi6b7ZtwmY79QI,pallavaminimart@gmail.com
17-May-2025,Gardenia,36.50,Cash bag,23-Jul-2025 08:43:29,https://forms.zohopublic.com/pallavaminimartgm1/form/Supplierspayment/thankyou/formperma/UAtTv3USHPQacnEaxYIunUJ71irbfPi6b7ZtwmY79QI,pallavaminimart@gmail.com
14-May-2025,SunShine,29.55,Cash bag,23-Jul-2025 08:42:43,https://forms.zohopublic.com/pallavaminimartgm1/form/Supplierspayment/thankyou/formperma/UAtTv3USHPQacnEaxYIunUJ71irbfPi6b7ZtwmY79QI,pallavaminimart@gmail.com
07-May-2025,Gardenia,37.70,Cash from POS,23-Jul-2025 08:41:59,https://forms.zohopublic.com/pallavaminimartgm1/form/Supplierspayment/thankyou/formperma/UAtTv3USHPQacnEaxYIunUJ71irbfPi6b7ZtwmY79QI,pallavaminimart@gmail.com
07-May-2025,SunShine,38.40,Cash from POS,23-Jul-2025 08:41:32,https://forms.zohopublic.com/pallavaminimartgm1/form/Supplierspayment/thankyou/formperma/UAtTv3USHPQacnEaxYIunUJ71irbfPi6b7ZtwmY79QI,pallavaminimart@gmail.com
24-May-2025,Gardenia,42.50,Cash bag,23-Jul-2025 08:40:51,https://forms.zohopublic.com/pallavaminimartgm1/form/Supplierspayment/thankyou/formperma/UAtTv3USHPQacnEaxYIunUJ71irbfPi6b7ZtwmY79QI,pallavaminimart@gmail.com
24-May-2025,SunShine,53.40,Cash bag,23-Jul-2025 08:39:47,https://forms.zohopublic.com/pallavaminimartgm1/form/Supplierspayment/thankyou/formperma/UAtTv3USHPQacnEaxYIunUJ71irbfPi6b7ZtwmY79QI,pallavaminimart@gmail.com
31-May-2025,Gardenia,24.60,Cash bag,23-Jul-2025 08:39:22,https://forms.zohopublic.com/pallavaminimartgm1/form/Supplierspayment/thankyou/formperma/UAtTv3USHPQacnEaxYIunUJ71irbfPi6b7ZtwmY79QI,pallavaminimart@gmail.com
31-May-2025,SunShine,23.80,Cash bag,23-Jul-2025 08:38:43,https://forms.zohopublic.com/pallavaminimartgm1/form/Supplierspayment/thankyou/formperma/UAtTv3USHPQacnEaxYIunUJ71irbfPi6b7ZtwmY79QI,pallavaminimart@gmail.com
13-May-2025,Meiji,89.00,Paynow,23-Jul-2025 08:31:02,https://forms.zohopublic.com/pallavaminimartgm1/form/Supplierspayment/thankyou/formperma/UAtTv3USHPQacnEaxYIunUJ71irbfPi6b7ZtwmY79QI,pallavaminimart@gmail.com
24-May-2025,F&N Foods Pte Ltd,23.15,Cash bag,23-Jul-2025 08:28:45,https://forms.zohopublic.com/pallavaminimartgm1/form/Supplierspayment/thankyou/formperma/UAtTv3USHPQacnEaxYIunUJ71irbfPi6b7ZtwmY79QI,pallavaminimart@gmail.com
15-May-2025,F&N Foods Pte Ltd,32.00,Paynow,23-Jul-2025 08:27:47,https://forms.zohopublic.com/pallavaminimartgm1/form/Supplierspayment/thankyou/formperma/UAtTv3USHPQacnEaxYIunUJ71irbfPi6b7ZtwmY79QI,pallavaminimart@gmail.com
15-May-2025,F&N Foods Pte Ltd,35.69,Paynow,22-Jul-2025 22:05:23,https://forms.zohopublic.com/pallavaminimartgm1/form/Supplierspayment/thankyou/formperma/UAtTv3USHPQacnEaxYIunUJ71irbfPi6b7ZtwmY79QI,pallavaminimart@gmail.com
29-Apr-2025,SPM,27.60,Paynow,22-Jul-2025 22:03:37,https://forms.zohopublic.com/pallavaminimartgm1/form/Supplierspayment/thankyou/formperma/UAtTv3USHPQacnEaxYIunUJ71irbfPi6b7ZtwmY79QI,pallavaminimart@gmail.com
04-Apr-2025,KEAN ANN,453.40,Paynow,22-Jul-2025 22:01:42,https://forms.zohopublic.com/pallavaminimartgm1/form/Supplierspayment/thankyou/formperma/UAtTv3USHPQacnEaxYIunUJ71irbfPi6b7ZtwmY79QI,pallavaminimart@gmail.com
25-Apr-2025,F&N Foods Pte Ltd,48.89,Paynow,22-Jul-2025 22:00:10,https://forms.zohopublic.com/pallavaminimartgm1/form/Supplierspayment/thankyou/formperma/UAtTv3USHPQacnEaxYIunUJ71irbfPi6b7ZtwmY79QI,pallavaminimart@gmail.com
29-Apr-2025,KEAN ANN,34.20,Paynow,22-Jul-2025 21:57:50,https://forms.zohopublic.com/pallavaminimartgm1/form/Supplierspayment/thankyou/formperma/UAtTv3USHPQacnEaxYIunUJ71irbfPi6b7ZtwmY79QI,pallavaminimart@gmail.com
25-Apr-2025,HOUSE BRAND,272.50,Paynow,22-Jul-2025 21:49:43,https://forms.zohopublic.com/pallavaminimartgm1/form/Supplierspayment/thankyou/formperma/UAtTv3USHPQacnEaxYIunUJ71irbfPi6b7ZtwmY79QI,pallavaminimart@gmail.com
02-Apr-2025,IceMan Uni TAT Ice,40.00,Cash from POS,22-Jul-2025 21:48:25,https://forms.zohopublic.com/pallavaminimartgm1/form/Supplierspayment/thankyou/formperma/UAtTv3USHPQacnEaxYIunUJ71irbfPi6b7ZtwmY79QI,pallavaminimart@gmail.com
04-Apr-2025,Meiji,71.00,Paynow,22-Jul-2025 21:37:20,https://forms.zohopublic.com/pallavaminimartgm1/form/Supplierspayment/thankyou/formperma/UAtTv3USHPQacnEaxYIunUJ71irbfPi6b7ZtwmY79QI,pallavaminimart@gmail.com
02-Apr-2025,SMI PACKAGING PTE LTD,162.80,Cash bag,22-Jul-2025 21:36:01,https://forms.zohopublic.com/pallavaminimartgm1/form/Supplierspayment/thankyou/formperma/UAtTv3USHPQacnEaxYIunUJ71irbfPi6b7ZtwmY79QI,pallavaminimart@gmail.com
15-May-2025,TRENDY EGG DISTRIBUTOR,80.10,Cash bag,22-Jul-2025 21:29:03,https://forms.zohopublic.com/pallavaminimartgm1/form/Supplierspayment/thankyou/formperma/UAtTv3USHPQacnEaxYIunUJ71irbfPi6b7ZtwmY79QI,pallavaminimart@gmail.com
09-May-2025,SUTL,711.00,Paynow,22-Jul-2025 21:28:14,https://forms.zohopublic.com/pallavaminimartgm1/form/Supplierspayment/thankyou/formperma/UAtTv3USHPQacnEaxYIunUJ71irbfPi6b7ZtwmY79QI,pallavaminimart@gmail.com
05-May-2025,JT Intl Tobacco,425.00,Paynow,22-Jul-2025 21:27:23,https://forms.zohopublic.com/pallavaminimartgm1/form/Supplierspayment/thankyou/formperma/UAtTv3USHPQacnEaxYIunUJ71irbfPi6b7ZtwmY79QI,pallavaminimart@gmail.com
23-Apr-2025,SunShine,23.50,Paynow,22-Jul-2025 21:26:26,https://forms.zohopublic.com/pallavaminimartgm1/form/Supplierspayment/thankyou/formperma/UAtTv3USHPQacnEaxYIunUJ71irbfPi6b7ZtwmY79QI,pallavaminimart@gmail.com
04-Apr-2025,TRENDY EGG DISTRIBUTOR,80.10,Paynow,22-Jul-2025 21:25:55,https://forms.zohopublic.com/pallavaminimartgm1/form/Supplierspayment/thankyou/formperma/UAtTv3USHPQacnEaxYIunUJ71irbfPi6b7ZtwmY79QI,pallavaminimart@gmail.com
15-May-2025,Haos Ek? Malaysian Drinks,42.00,Cash bag,22-Jul-2025 21:20:27,https://forms.zohopublic.com/pallavaminimartgm1/form/Supplierspayment/thankyou/formperma/UAtTv3USHPQacnEaxYIunUJ71irbfPi6b7ZtwmY79QI,pallavaminimart@gmail.com
10-Apr-2025,Haos Ek? Malaysian Drinks,36.00,Cash from POS,22-Jul-2025 21:19:20,https://forms.zohopublic.com/pallavaminimartgm1/form/Supplierspayment/thankyou/formperma/UAtTv3USHPQacnEaxYIunUJ71irbfPi6b7ZtwmY79QI,pallavaminimart@gmail.com
30-Apr-2025,SunShine,33.00,Paynow,22-Jul-2025 21:18:42,https://forms.zohopublic.com/pallavaminimartgm1/form/Supplierspayment/thankyou/formperma/UAtTv3USHPQacnEaxYIunUJ71irbfPi6b7ZtwmY79QI,pallavaminimart@gmail.com
04-Apr-2025,MalaysiaDairy,38.10,Cash from POS,22-Jul-2025 21:16:38,https://forms.zohopublic.com/pallavaminimartgm1/form/Supplierspayment/thankyou/formperma/UAtTv3USHPQacnEaxYIunUJ71irbfPi6b7ZtwmY79QI,pallavaminimart@gmail.com
05-Apr-2025,Meiji,61.80,Paynow,22-Jul-2025 21:15:54,https://forms.zohopublic.com/pallavaminimartgm1/form/Supplierspayment/thankyou/formperma/UAtTv3USHPQacnEaxYIunUJ71irbfPi6b7ZtwmY79QI,pallavaminimart@gmail.com
04-Apr-2025,Trans Orients,66.45,Cash from POS,22-Jul-2025 21:15:11,https://forms.zohopublic.com/pallavaminimartgm1/form/Supplierspayment/thankyou/formperma/UAtTv3USHPQacnEaxYIunUJ71irbfPi6b7ZtwmY79QI,pallavaminimart@gmail.com
12-Apr-2025,GOURMET SUPPLIES PTE LTD,30.50,Cash from POS,22-Jul-2025 21:14:24,https://forms.zohopublic.com/pallavaminimartgm1/form/Supplierspayment/thankyou/formperma/UAtTv3USHPQacnEaxYIunUJ71irbfPi6b7ZtwmY79QI,pallavaminimart@gmail.com
08-Apr-2025,Meiji,61.80,Paynow,22-Jul-2025 20:15:14,https://forms.zohopublic.com/pallavaminimartgm1/form/Supplierspayment/thankyou/formperma/UAtTv3USHPQacnEaxYIunUJ71irbfPi6b7ZtwmY79QI,pallavaminimart@gmail.com
01-Apr-2025,Mini Group,177.37,Paynow,22-Jul-2025 20:14:23,https://forms.zohopublic.com/pallavaminimartgm1/form/Supplierspayment/thankyou/formperma/UAtTv3USHPQacnEaxYIunUJ71irbfPi6b7ZtwmY79QI,pallavaminimart@gmail.com
08-Apr-2025,F&N Foods Pte Ltd,64.30,Paynow,22-Jul-2025 20:13:23,https://forms.zohopublic.com/pallavaminimartgm1/form/Supplierspayment/thankyou/formperma/UAtTv3USHPQacnEaxYIunUJ71irbfPi6b7ZtwmY79QI,pallavaminimart@gmail.com
07-Jun-2025,F&N Foods Pte Ltd,64.30,Paynow,22-Jul-2025 20:12:39,https://forms.zohopublic.com/pallavaminimartgm1/form/Supplierspayment/thankyou/formperma/UAtTv3USHPQacnEaxYIunUJ71irbfPi6b7ZtwmY79QI,pallavaminimart@gmail.com
10-Apr-2025,Helios,544.80,Paynow,22-Jul-2025 20:11:47,https://forms.zohopublic.com/pallavaminimartgm1/form/Supplierspayment/thankyou/formperma/UAtTv3USHPQacnEaxYIunUJ71irbfPi6b7ZtwmY79QI,pallavaminimart@gmail.com
11-Apr-2025,Sans Pte Ltd BBQ,324.72,Paynow,22-Jul-2025 20:09:25,https://forms.zohopublic.com/pallavaminimartgm1/form/Supplierspayment/thankyou/formperma/UAtTv3USHPQacnEaxYIunUJ71irbfPi6b7ZtwmY79QI,pallavaminimart@gmail.com
